{
    "loss": 3.1249043941497803,
    "accuracy": 0.7553957104682922
}