{
    "loss": 0.3540061116218567,
    "accuracy": 0.7913669347763062
}