{
    "loss": 1.6511390209197998,
    "accuracy": 0.5035971403121948
}