{
    "loss": 0.6914533972740173,
    "accuracy": 0.5179855823516846
}